Serial Number,Name,UUID,Hash
TEAM BEVEL,,,
1,adewale-the-amebo,cad316c3-37f8-4b27-9f53-9d803bfcfee7,a6423b2f996ce549cc321ec1c734626a34d203406a479fad11430f358d703f41
2,alli-the-queeny,a57ecda4-a26f-4e97-a757-e1800af39aab,38e780af404d908be80d94e8815e2bb09c4c04f4c0fe5cd002fd39968dca7ec5
3,aminat-the-snnobish,0e37ed0d-3e84-4f32-a91f-ec9c4ba8c7de,e751eb8ba3f3f8826b6ad2fc726b2881b064d501c5acb505086427c590730a53
4,aminu-the-carpenter,4f30b751-96e7-40fe-97fd-e3d44973ff2f,0e1d6d9edb9c710dbeca4bff858039ed48b73721b017eade34489db3b4098613
5,chibuike-the-kudibag,5ce854f2-7ac1-46fd-b3fe-57583935d1e5,83c3c54dfbac6b3320c573dd17e3a48af6f926b17d0b4b71979d8c57ef9ec492
6,chidinma-the-model,c98db72e-49ac-4ca6-89d5-e00f5fbbcc45,e86ad15e7c43b50bf395ade2d5112de438b87d4238b2223c7416209fc0f89bb7
7,chioma-pretty- girl,182ea888-a85b-42ca-ad73-ed4f8f9aa5c7,aadff4bd7a75ed4871b35f166587bedc66c1d8f966791ce393c2752ce00bb463
8,damilare-the-handsome,27eca2dc-d7df-474a-8f8f-1858152c711e,622f2c161cb5f994ddd6e0d195fab0fbbe33ac5d78c74e23ad41d10b19565985
9,ebiowie-the-planter,f1df8270-4d60-4bd4-8959-ba7c384db5c4,17008bf98732c4cbffe6625e9bcf8f05b44d4e1405053d22a339f328cc1f309e
10,emeka-the-businessman,9b3d75da-4887-4089-aee4-50de3954fdc9,fa7d24194863e1c6bba35c34a040ef7d4797aaf2681506c324ce4633c8f2c8e8
11,gbeminyi-the-monk,c8b1fd1d-8551-4bb4-8dc4-923a9aeb39fb,d8160ce8f228a0d987bcdaa1f62ed88c73b66ab4bc204866abeca73c4904496b
12,henry-the-sportsman,e1225451-bfdf-4a1f-8d37-9cce3a0bd67b,ed3560b228a22210be39a86201d60cd0a9d21d5f8673ca4a9dbe8fca602a90d5
13,mayowa-the-smallie,dfbb4163-df24-4d54-b74c-6218a68df8bd,b50a296f0c5e380a7be812deaad4ab7300c99684783890158747f9851d7281d8
14,muyiwa-the-stylish,dcf9d5a0-57b7-4126-a05e-6c8f1045d3f7,f4e03d8b9fa787d2f82d5953516082a3a0064f7c4234e4196c9f25fc12b79edf
15,nina-paper-chaser,59524227-dc52-407c-8cca-e9e8c5fb3018,444d347a5fa272e1c8d53dd1af64e5c25a0454f64948773ac5d50b24ae72e64a
16,oluwaseun-spicy,808f7007-6552-4efa-bd13-4b7c337b102b,147ef62ca96666ee5645b5782a1de1a3db97a23ce38d24a0413ed366c7cbea20
17,sesan-the-smartie,ba3edda7-8940-4ca4-97ba-826398d5909f,4636f7f67c97a339a384bd1ab594359f16d4134f51aa0eaf9f0ac246a773cb76
18,tiwa-london,78da7aeb-8352-4e25-89ac-dc48b5984089,239efc5ebffaaf12bd35333f8269a3b5aadf8a08e3f74e988ade662f36910010
19,tunde-yoruba-demon,53b46bd7-a537-402b-b249-0b4074a8faae,e3fac38e6b0cefc1cca0b4794c12a971e03bb9ec600b54f060701d09f3af99c3
20,yakubu-the-zombie,4adb6781-1614-424e-8f77-fe59ffca2209,17a88bc62b0455a7c52363f0696091b75ca59399614736454c3e2ee24b95c138
TEAM CLUTCH,,,
21,abdul-the-vibe,770f817a-9d9a-4772-9a91-e66dd9d03470,bc59909d9f68e15ace3135e982a95243b0c4e5e55e49246d4636087b2a4118ce
22,emeka-the -clown,78810fa6-a7ef-4d83-bf57-caf49db4ee69,524e2ba152aff905eccc38a1aaefca876f252d04b2cab9836eefc59c7f2ca366
23,salam-the-odogwu,f2957ded-022c-4b07-92c6-b345d4816a67,b61f85f016fa332d0bc865e8b9a64604cd71c9ab06900f32782f83d4992c752f
24,24,09395e76-19ed-4852-8748-795ee7496a8e,40b6ddec7047dee002fcbf3c124c489f72a69274cae594d4ddac5a65e9744073
25,wole-the-pimp,4d94d4f7-9b69-4e43-9db1-1fe83df92857,20da6c75faf448d902ebed0ee339d518b20e2606e5af8b395e746a6063fb3714
26,saro-the-baller,d35a7514-8996-42fb-a5f2-5a603ec679c5,2a624b76259ff9c74f47e4f5c636396496e2d15f0fb42138de7287bbfc14c20f
27,ade-omo-yoruba,92984fa0-310b-4377-8a10-15965d044383,794b35e8bc4522afb751225339245325244034bf77b9dcb2aebf3689ba3e5573
28,shola-cool-kid,3ac5c186-bc14-4eb6-8567-cc818465a64f,720606d778b71f522c7d62896c14764d33d97f89e82cffb2ad3cc8d9de694d0e
29,charlie-the-smoker,71a0aa22-d111-43b7-8484-43d87310bc42,285272cfe54abe3b2b79148ca4bb2af0019950f94fde0792d551a9f710efb4dd
30,femi-the-badguy,e493e3fb-a8a0-455a-854f-0f6474bbc69f,a85c02fdb97d93f3728d020597e04f1612c20901c9c58f64da8899764b413499
31,sinzu-money,942f8347-9932-4331-bd15-d0f3a048b54f,255b2c4bf28ce3826d0b5a7125a8cc18a27c3846dccb0162ed20be9465d5c9e2
32,obinna-the-palmwine tapper,0f1af056-2548-4407-bed4-abc11deae05d,d2a98ffbab91a283e7d1f26e0fccbbfbff2442fcf14afc5503d50e5147d3e1a5
33,aminu-maikudi,0129e7a5-e3d0-4675-92d0-1a1e55d11612,f0c0261b3d1e357ab27fd3f0f132aef14e65dfa903b7af1942f0df121260644d
34,sabinus-the-town crier,01d4ce96-818e-44b1-8813-68a7d34b35ba,bdff462cb98a17d2ed706ba57604bb16802a85d045459068d5d83a0c373bf49c
35,adisa-ibadan,3a925f27-35f6-4dbf-9960-c6527fae5f3e,05950365c7b0408ed79a264a8ee0a50dc013bfc87b182cedbc678e0975862e64
36,linda-the-navigator,71f335a6-5a4f-4410-9cea-179336f0e498,179d6a1fbcc5892ee3140166e7527c55a7133203382470fd77d37050fb5d1295
37,kemi-the-iron lady,35b11a31-5b92-49f4-8fb1-30f255d22054,3d989c55b50a985d94595774152c744f19b20fee078f0b7bbc8280b5e1052d98
38,mercy-the-sassy lady,7a3c70ac-927f-4a63-a3df-ab86dd27cd0f,72bd721b2b83369a9e5bb552935811d2f6ea50ae1ed69959d051ddb31dc2e36d
39,sandra-money,1bd95fb0-7b2e-4354-bebd-22f9cf70a1ca,e310935cd8e0de8cd7380243f5157f90a70a2dc22c95a496ccafd88c5032a800
40,bimpe-the-fashionista,92b548b7-998b-46b6-8198-80d407209483,15a9f996fc093430d4d88287d134786e5c5825e5b7c45ff8a5cf884c7fc76b04
TEAM ENGINE,,,
41,kim-rich-aunty,3344a73c-f15e-4afd-a1b2-3199e27eb08f,29e16ee88197915c80720e6704a44391ce8ce6ac997520c0236becbf3bd945ac
42,barbra-vampire-bc,4f31fd99-4918-42a9-a112-fa60ef36d5c6,9623aabff6c70331672adda6c26a29b89c674d60bf7c97a5052a921fecda71c1
43,jean-art-dolger,5e1105d9-e485-462d-a5bf-1eb931976b13,11ecf96a234e52f869ef0140cf96ca0e54b37e33d41f9e7e3199bc410abb9f58
44,flora-burger- eater,054dffd1-cdff-417b-b6c2-a679dabd087b,525b7f563436b0a4ec652ef931b45435f7cfd15a3cdb979f3315ee488db08695
45,jessie-lord-rings,caacabe1-0abc-43af-92e2-2231248bff93,6c0d6a09bde9fff0791e5ebf74e3963ff881af61018b4306d79f020931a7b36d
46,pinky-monky-ponk,bd6a4b38-543e-40fa-9153-f7e1a947ebb1,09dad64cbb919ce5ac8481457cf9c0620d1d5236954a295f3aa1d27be0b5a11e
47,wanjiru-hippie-glitter,683f0d27-3cb4-4948-b1b5-09f10bee575a,5063e54b795909b56a5c7ff070bac9616ba373b4b04952565e06711207e512ec
48,njoki-binary-coder,9b59bdb4-0c6c-4107-9d72-6d38d308edb4,fbc287521c959bf9488b638778c3b9a573ee8bfc5005be8972a41c413cce6a97
49,wangu-calaba-hustler,67f7da93-3925-4def-b660-58f558c14a19,55bb04f4de374f2ed68e327610125f2d06b0d70d71e44ec80d5b9bdbc7ad8267
50,lulu-dey-kpako,23b6c38f-ab84-4565-bfe9-d9eb019c9f29,a5c0f65c6801d894a0dae67361e9d92ef34f06748f86b60d162a32572f146403
51,kiki-cala-flier,d24aefff-c9fc-4ea9-a7cf-1b741076c822,235dac46d47dacc1bd35403b931e81b0fe4ebda1dbc55f7f0c52690661e25fad
52,purity-nft -investor,ee86ef77-4793-411a-88d3-ea54d84f6b24,3559904a12cf2c6c98bc5a6d9563acfc335bc841ca3f4d066b83e419257cfbed
53,june-binary-monk,102c4cdb-f812-44fd-bf47-5065284c6075,d70989246026579cebae5151a915e180a6e6475a212b7a1d89d7a1e51555bd16
54,aisha-crows-damsel,c4071af3-b49e-4ad6-898b-7828f90465fb,01dd434cf50c72c5a98791598671075248b14cce6b71cd905372f9bebbc7641f
55,bobo-crypto-lovely,427ea0f5-30a3-4d70-a5bd-a6106409b83c,783b91da28f2344a146605ffec348d864f185e164f2cb61ae887ef7facd45d1d
56,nell-light -embrace,9dfe30b4-c71a-471c-8091-f5c4a238eed8,9f2152d536936b614737527af8aea7ebc95fbe5270607050d5fe0cf8dc370344
57,rachel-mood-silent,11450acd-f0d7-406f-bc18-bdb680404845,6fc144c4f6975a8a2bd34833dee06c873eb281a0de72565fba8bf02de5b24cd3
58,nana-reflector-agent,63bda633-bfca-4b28-823f-7772936b4103,c8111b8e5731489074a7963f2a9cc9a9abe118ada72ae08faf7fe9ae74c99cd4
59,bree-busy-gossip,4f5898d9-fc99-4053-a56c-b2ec1ef41347,fe8fec0555171e6ca2f8b390a42204e771ece22152a33129ceb9432101f658f2
60,jude-shadow-fighter,a47b2ed7-d4aa-4404-ac40-0ecea464cf3f,5d2e2f78c3eaf613d94fa212102dee8e46f79e72cdc32997b19822349bb32664
,,,
TEAM GRIT,,,
61,toy-soldier,fc8ea3ac-59d1-11ed-9b6a-0242ac120002,99654ced67d01361cb820694e0f52f6d22f40df5fd62abb3f3eb829123af8266
62,pipey-rivers,58f69cae-59d1-11ed-9b6a-0242ac120002,69343edf501edb89a455fd0143a89c2032388f72c8f4e3f6f797f0203ff0edf7
63,phiri-of-zambia,24b537fa-59d3-11ed-9b6a-0242ac120002,56d4ba8189bba079daccf424ef64e71e51cfdc1a86e7ccd68395f580d07877d1
64,patrick-of-bikinibottom,064c7b84-59d3-11ed-9b6a-0242ac120002,e1520b5abba4cdb4ef2c9b9b824221acaff24cbb876054a223962bc58e967c6a
65,nobuhle-of-zulu,1ee5b1ce-59d3-11ed-9b6a-0242ac120002,0b8d5117757c0a72dd8b48d4beaf52a0dac639d6f0b36ee46ade5416abf390dc
66,nkosazana-of-xhosa,2f1a1724-59d3-11ed-9b6a-0242ac120002,0a726baaa2ce2ae94876b6222d044560632eb5f4056ed29bae6e75104ac0e185
67,mandla-of-zulu,d04553b2-59d7-11ed-9b6a-0242ac120002,168c701af2e24e1a08065b8290ade394fcd151b48a46781c04446a5b690808b0
68,john-doe,5d19795e-59d2-11ed-9b6a-0242ac120002,6f694becfaa5c4c17c31b22cc4b250b3775089a21980111fb72c7c16886b24a4
69,ghost-of-power,29c764ca-59d3-11ed-9b6a-0242ac120002,92d962168098c1af970858d929ea7303e6b23b18960b9a7d34bea03961905276
70,freida,ee671c4a-59d2-11ed-9b6a-0242ac120002,e0bbc967da7ec59752afa3ca8148901ba23344a10635633d775dadef941dfe42
71,flamboyant-tree,380e4990-59d3-11ed-9b6a-0242ac120002,a0d51dce7f2a93f359d77e676db76b5f31d8c70b1bc2cf5fa2f91fd0d0501f3c
72,david-of-accra,1c1ef1b4-59d1-11ed-9b6a-0242ac120002,fc6561a87d8744db8388710fad19de01c12e383dd23eb92f629b8090680ba865
73,cally-lily,82bba87c-59d1-11ed-9b6a-0242ac120002,beb78e618d94badd728165d29f392dc747eef921cec5e97e8c7580ca41b54aa6
74,bubune-of-accra,faa4b530-59d2-11ed-9b6a-0242ac120002,b065181c089f80ddd0bf3e9ed8a919b87d8eadcded376adf96e614d86f8bc38f
75,bediako-of-accra,fb6e8222-59d0-11ed-9b6a-0242ac120002,37d99e158876b24df11b6730fa8b11f21b751286257343a25c50dbef84df3552
76,avatar-aang,169f93a0-59d2-11ed-9b6a-0242ac120002,db951ba9e0048a00e4268c9ce7472a011b8541f8518fd5e3104421cffb7f07ef
77,argus-greek,e7f26b26-59d2-11ed-9b6a-0242ac120002,257123fe8b09376041bb9eedae1686aa44737090768b0d54e6608930163f9a96
78,amahle-of-zulu,169f93a0-59d2-11ed-9b6a-0242ac120002,bb42db337fd0a56b34d49169e234e7f2ae31a76d48cd5ad4e85eef4b40d98a74
79,agnar-ole,f3f11fd0-59d2-11ed-9b6a-0242ac120002,a12652650d2a6cc48ca71305a8c833922a69512fa1ace2858cc432752fd1e7e7
80,adom-kulu,00f6589e-59d3-11ed-9b6a-0242ac120002,502be77dccf8e287d64bf019ab6bc3a4b889e70f95bd38cc2151ca3b5cd76356
,,,
TEAM PRYBAR,,,
81,segun-baller,58ac5cf6-b644-41c6-af79-ec9aa5f6bdd1,63df8681649b4b4171ba59140fa0a4e0b7ef44540576f3ad80fdbd8425c59146
82,bolanle-pepper-dem,46966104-775b-4443-90bb-b35afd121653,d2a730b781cbf079b9167ca0731f6eeb794e84bae96eb7fdb7cb6a7ca93facae
83,tayo-tailor,70828783-ac38-48cf-b966-cfebc92ebd86,e51a709edd65a1c361539eb14a0a32325370391916d9e8b73118e0eb2944f812
84,ajasco-comedian,8bebdb3a-f0a8-47ba-892f-39aa275fbd0d,51674e90f5b0667dfd66f3bba8b9a1a3116a60c31a86993ce9a3791d5a7a00d1
85,tobi-babyboy,3da592d4-5dec-4bc5-8412-f1b2a0269f95,d0e2196c5d593499ac3b18f1c78ffc2d8794557aa069d8764d469f4febd9c318
86,esther-sassy,0642a25a-966d-446f-b021-a6d18e7fa0c5,1d50218df7730b16dc4003baf93f3c430613e0ee6751d6e26078944b82d4cee1
87,ozo-fineboi,fdb0a5b6-7367-48bb-bd6b-720ec8c15226,97157a56a58e1ff18e6d8a9941d9a50c0f950be11817075bbe48f93ce8c36094
88,ade-party-girl,7e3db30c-9faf-430d-ab48-b854fe0456b9,aaa5a801092a2e275ca83a821fcbd460a8d20da1382f068f7a4d1e9fc4202a78
89,john-casco,2eff88ef-5bc2-4779-917a-533e952e2953,c2829da74192d53ed3bc33d36348a3c5d7c855e9912371fdfd237f5fb138f53c
90,agha-uwa,8478a002-1eba-4a05-8b98-7170c6e39254,db6289362cc992c8511845ed1ded79c387e51b43c6bc130376309f0fece3d77c
91,udeme-great,d1476409-6f8b-4be9-8c93-24d9123749c5,307a9975d475f3f596e97ac181e663b0bb9880fc01f69e64d2a0fc414f0a8239
92,femi-tech-bro,ba3ec22a-13d5-4e19-9b7f-aac764fda28c,83b456cfe33984dc9a9703bf51f36fa61a1c5af0665e990d95fda256e685d7e0
93,sai-baba,fdfff369-5b57-4612-9f89-f5d408f24a35,32179e7266d808e014d397d91b98642f3426e612bbf8a5239841b375b3e62f74
94,omo-pastor,49e09559-61a6-41ff-811a-272721a7475c,06ed5d45a8961998f4b8d2c18f247ed875286bb31b80d002fc35c242c39a3d54
95,obi-container,4b64cf48-94fa-4aed-8cf2-452974b48ee3,ad71137f10ec0d36eb3c34a15b9afa517ffe80b75f931e30263e75d8b35871ab
96,erigga-international,3ac39a5e-7b0c-4371-b0c8-7cb4b68aed2c,46ed90e91ffbaa05a93016ce6604fef099d61a5cab663f1e0b3217a7efaa2dab
97,ayo-web3-bro,c137ec2b-18cd-4c29-a194-af29ac9e6c1c,ca587cd5db5b5ca9c0d32fce550382156377ced3faef1f3d6c0cf4ed05d2639a
98,phoebe-queen-bee,1277e9c0-81dc-4747-89df-a9d2ae4fcf96,bdd6dc1ed78e47e7cf3c5cb81f3b89d1e21bd5d64465e30fbd795ee5499d5e2c
99,rachel-warri-babe,19e6af3b-ef2d-46ba-ba05-59fb612ebbee,e3e5e811d8fd6e0dba482c8f209a7d0089fad9b32333c339d682d7c5095e112c
100,adun-preacher,cc4dfedf-c343-48db-ad67-e39452ec2380,0e8182063c5673cd100cd912c53784ba570af69b563f6417dc9bcc4ea38c47be
,,,
TEAM CHISEL,,,
101,adebola-omo-oba,fbf43611-f267-4cba-bf4b-a3ffdc122589,e04dac35e532654afd09cf87957d4178cd2e19db4a2205578a3523a744de5cbd
102,chichi-the-dancer,e7c32b06-7022-49b4-bbe5-81e8c1d58583,d0338c2e3da2ae491852109698c3f653c2f464aeae42f82bb3dde6e32e228743
103,hammed-the-farmer,e57d8985-599e-49da-8d62-fc16b7ac93f2,7f31ae1ace8f3c4538fe1309e0c0f9c188d44d7d2d0828debff2f2101b97eb86
104,farida-the-tivlady,31d3e229-003e-43c8-ba82-38f49cf58ccb,628800999c67e981a15a62202aef4227de7cdaea5219194bbef551b6e9c98b92
105,hannah-the-singer,281f5bd7-5282-458b-9811-e369980e7dee,b2dbfbc206dd72128810fff4552c70e372489dc96465776db40d4560fc57bd71
106,nonso-the-igbogirl,5cfa76df-8376-4505-af12-78af24f108d6,516f59c40127e7270672b447ae9de126c3e4ae64650e515ea6da6d21a464b0a8
107,shade-olori,1a07ca73-d39b-43e9-a0f1-ef9f5e57d3a9,d02194424bb74e2da45ed0b532a46002c6e22ad08b0c140f5db98b83e13fb974
108,quadri-the-teacher,d96a93e7-17a4-4efe-b09b-02185cc81ce8,7ec74daa4465a265d053d71debe09dfcbc01c671a540c2cb7324820f2daafd79
109,Ifeanyi-the-dj,030f665d-2cd7-4376-aef5-4030dad9f2d6,8f4fcf1412dfa8d872381020fd0391ac58a4f007f7a87f162c46cdfe62d13ffd
110,fayo-the-yorubademon,e270e278-a9b5-408d-b527-d518239a997b,4f126f623f832daa4e14b401564f5e8dd98c81966e36bd614a63aaaa4a1be188
111,nkechi-the-actress,34b1136d-00b1-4f29-8a03-5b02291d47d5,5e711ba9c717e63329891345a33228b3c53e0be0ff9d2614505395c2f048c36b
112,hamzat-the-mallam,592eff9f-93b2-4452-a2ed-5d44ebc969db,0ed0c49cc6968324ff8ab8b6c747011da8b26d00a96aabe734ba11059e0f122f
113,nnena-pretty-girl,d9477612-ad63-408e-8d12-24679c647b32,d10550f6fb8f1aa5c5c5d2b89fd3beeb04d51c44b4fda88bf861737ea2a06c80
114,tunde-the-boss,7635c4ee-04f6-4872-bfc9-37e5a73c8fc6,5adeb52a6b56900a1ddac3fa6d15d1f96ac7c4fb30ea40cd0c10bad9f6c9a353
115,nnamdi-the-barber,152758f3-9414-45a2-a809-95cb05a3de13,83a57b22087ef0ac0ed02b91d0c8652417921079922cf1734e2d29519a1dcfbb
116,amaka-the-hypepriestess,c7726e84-3c5c-4e66-8677-cbfb5c9ee850,581556f6ddc3cdffe0bda6b1468a945918793f3d3bd4730ddb188560fd37ac8c
117,kemi-foodie,3116cb6f-14c4-4d5a-af57-54253b72a309,6ba4d521c3a7553bffa19f87832ac13cbf34311c6e22d14f370f3ec4b30df0bf
118,ada-the-fashionister,a14df1c1-7a5a-4a33-8780-0fb01c593da6,7eb22d2d68cbaab6292f870116f25ab032defcf85dbf93de4a0578e764894d58
119,kayode-the-baller,fe17bfdc-c251-4654-8313-1ab793e11748,0ebcb7659a2695ae0e9af0a11896afe06b247e549213b7cf41b0c3b9f60178d9
120,kola-of-lagos,df295be1-1509-406e-a263-28a5dee0abca,ee900c1574d2ee9e1cf49cdfd4c5256fe9fa40baf7a4eb8f2b666dcdd05b7113
,,,
TEAM BRAINBOX,,,
121,azikiwe-popular-trader,7ebde325-8efc-4997-811a-b5686269929e,850f3a0cf77dd96d5aca07624e0340d66e6a3b33a1dd0dae1724506dba8fe64a
122,obasanjo-funny-guy,c136a120-a339-4080-96ca-1c93845c5848,e123d81c934125c81112e3ab8ae32fded351c8245753471e5097144a2df077ee
123,yakubu-village-chief,5b0c0d26-d204-4264-b579-081ff9df935b,04addb40e441f25b80a65f57f8d0dc9d4ed434aa18c4605349158029cc7166ee
124,abacha-loves-smoking,8ac6d95f-0cf3-4f54-9cf2-be8834b3004c,dfe85e1cb5ca669ae241244904ec832a18cbaf2b09c8bf5d6c76b87f1a528768
125,johnathan-good-leader,241e3713-4ce3-48d0-827f-b282ae2db6c4,85707ee8b40ca2fdf42aa955c28790efd00e347d04b8d6572c29f1d8f5e389d8
126,johnathan-genz-kid,90c0ae09-a35f-42ad-b93c-dcf30169acd9,95cb51bab3326dc236841284a34902bcc561cb3d4da08f546de5cdc2052afe3b
127,eddy-the-community,5cabf9d9-882b-459e-9253-8c07eb045e2d,3e8d6a562d02fb761146b3b003e5e5a05c01a9f6160a2004ea469bae99825840
128,olu-the-oba,04c4b28a-aca0-44b1-a064-ed0d9d2a31ca,8797b3a771935d7e51660ff932a7f2e592a5e8ea9592759a9fbc1892bf401d4f
129,edu-the-biggest-trader,48d1de5f-5f3f-46aa-b2fd-68420a8e802b,199d88fda5b7af5eeb13b5c0a0dcdfec2d87bee4b862b293f1d914c0121ccc49
130,james-importer-and-exporter,22541251-022f-480c-8c1e-cf754dce16d6,26ef9a6ab0868f4edcb2467cafad2088684ee6760845d9c5287589cc9456648c
131,lanre-the-dreaded-guy,66a054cd-5541-4000-98aa-8f2e9892d880,ab2749387fe60838d8614f3c7ca49b103dd47cfe7bcfb515da6fd1dc340c77c1
132,olamide-the-street-boy,d50a35b1-b42e-4e0c-8dd8-9b892b56d371,69c09cf27b59f42a9133b6470a3fa7087b99320cc89de054b28c1104dd0213cc
133,uche-peace-loving-man,6c9d6eae-2ea2-468c-a2c8-928aaafc084b,80c9e004c24f32e3977f731177aa8c55eff3725c2afa7e8ff1f81fe582ff0cd8
134,dave-the-tech-bro,c0857b11-bf0e-46a4-9108-b8eb93d83e74,a943f2c480072db577dd107bdd9e03b3b33a04a9437d2606dcb4f567831784c0
135,obi-the-biggest-humanitarian,201a408c-7a2e-42d9-a62c-0136c885c211,20ce78f101372b835e799df9ae6fe08f73b3e067d3863534d089068d466a55b1
136,precious-the-emotional-girl,b6a41ff1-51ce-42f7-9933-85d0a22ced68,c59f0e997b36ba5cd6c4cfd6942fbf4df92003233e872905b0c7e00e4457c8fc
137,ella-serious-minded,04036447-f43e-4bfb-9503-f55c9064b14e,ad0554d4b3df8c8c4e8dd7a2587b008e836b3200ddeae323380d9d8dd12c82cd
138,cynthia-cute-eyes,5d12847b-6d71-4691-8337-2e6ef3e283b2,94e5e822bc9e57265aeb394667c07d0b88642aa0f19706f7d97b7a1cf24312c0
139,mary-with-hair,98035e8b-6540-4464-8a3c-fdac9f07b168,0af4be6e0e384d745528b7f4f74e18e4a696beaed82ffda7ebda8dd4f641e847
140,ada-chewing-bubble-gum,15309dc5-e483-4658-b503-db85ba2c1722,bcfaf2d6d32d0e50e1ab12b69ff43957a73d9e225d19f80c60f2bea3cf707c9d
,,,
TEAM PLUG,,,
141,viganem-the-drummer-girl,5a5a6f5c-39f3-4beb-ab74-60d3c7a90fd4,14fd3dd61f9a4f15a9bd33ea9a49d263682cbf871424ea37395053f4bdde8a06
142,lenusuka-the- big-woman,e564a43a-ef77-487d-a88e-749d20a09fd8,5983d0a5ca8be4004722c8924a2cbf75f29933743e9b83e57e727ea5dd7680e1
143,enepua-the-clout-queen,6dc7e452-0626-4f4c-a28c-f5db3532e305,c04504887f1fc664d07b6c5be3d68f4cea7eb66184262bf96c3391f56e22b4cc
144,usifong-queen-of-mushin,221263d0-8775-49f8-bbf8-4b08b49e1482,1d96af2fb2182fd62cf68d344c5e3848b5b827197e001fc399610e6d4284fa2a
145,akinyim-the-agbaya,c1070dce-48a1-4ae8-b9a4-d070859a8377,eefadc5c9af26aff335aab82dec7d578e880875000155392ec71c3363c0d2817
146,zawadi-mr-sleep-everywhere,c22489fe-574b-47f3-9667-c9c798b2d4df,aa1f23451a36a74e4bce417a64938c03dd8f36c150ba703cb8ed0f7298135c27
147,chepkirui-mr-self-love,1a91e778-d214-476b-a667-94e9ecb8b5ce,416bc66713d1ed293630f3d4f3b14756c0ee2df15b87f2bd70fa9c4a2f6f0951
148,naserian-mr-fear-fear,8177cf38-8284-4eb4-b19c-04473bcb3b5e,bbb4968e7131c74c7caa21498e60a5a1da38664bd69c06d0df1c0a04929bd3e8
149,wawuda-the-ashawo-of-africa,0554bf35-f588-4009-aafc-ef875b878c29,f57c3fe715d45f3d11c7da5ea76de0e46d0daf441e8e0d3522cb08831ff99f21
150,kerubo-the-igbo-smoker,33ba8e73-7949-4bc7-ba27-37ee1d573946,883dfc35f0a9196f1170c6538f560d663e2e2776b77f4b966236e6985259b63d
151,rehema-the- olodo,1fb33783-4898-48cf-8a73-f81afc71e1a8,5f1d2ee0ef2d635101f4e15b2beeec3cb29bc1249e81fbda4c5c25a3388e0172
152,nekesa-the-brainbox,7ba909bd-19a1-454d-a86c-a45e85cb94a6,d312386d20bcf9603c0daf4cf69e588ce6663aab14bfe0f697d233f321867a96
153,kiokoli-the-slowrunner,d7027b6c-ae53-4cce-b80d-67aeb7ceb1ba,6eb7354b95cfcc8914a43aad287c7fa8b07f8e80500f59021851240a9cf9f0ec
154,adjuani-uncle-wire-wire,36cd959f-d280-41f6-af76-765715c72527,21f7bc3b680678d824ee0251aa32d091a3d2dee049715d5cb7341dae750e118c
155,ajobaru-a-serial-killer,9d262f55-73d7-4b95-9a82-42356dbb085c,210fa82e01b26275a9e8a8b7ed92e1e93e36b1ccb3baeebb2324b746aa5f014a
156,effiadem-the-fireman,a4534fe0-b5ed-41ab-af72-1f2d0ff0fc64,680a205fc53cd251c4a51c10bfa120d7fefe0678eea235d8e6756cc26d8396fa
157,deladem-the-commandoo,88106b92-da30-46ad-a3cc-d528683b9e33,5134801526350d34f3aaa3dd040d32e7ef1b71ebb089af69eac8f5cb44f0c350
158,dogbeda-the-monger,66a09968-cb92-4378-a588-49947f68c537,d1bad4775494562b6f6eff2282e9448834ca21b92e09f0f49cc38201691e8aca
159,enyonyam-our-slay-mama,5e7c7f9d-d631-4759-9b27-cbaccd33d39f,48e7df652fa3ac0d55103c94607fcb9602e33c627dddcfc263fbf743c1d74ef5
160,lumusi-pro-technician,b07676a6-c611-410d-8426-46c9c525189a,bd5c16c3b3fcf2624f4837f6cf16828030d82f1f8511a92088f5e1929de41637
,,,
TEAM HEADLIGHT,,,
161,funmi-the-fashionist,4f9d99a4-78a2-4fdd-bc30-b027600fa88e,23d33355db7bf3276e78c7785afb76186bb389388e66b93d091956f0f2c351e0
162,bola-the-funky,ac721b71-cbc5-425c-851f-ee826973f0b9,3db8a15596d0d8cd0d043508db2faadb4d660924f4841211d56392173e9adb0a
163,bimpe-the-runzgirl,eaa7662f-6926-468a-9add-e791916ae42b,4f6ce246a2d5210ec940ee1b59eda688d459cd600bccd52a988e9188742a7648
164,sola-the-queen,d5f23ad3-832a-4d3e-814e-e23f466d18a4,590198fbf09a74bb7258e4abef640a958ecf4dc77dd0f85304bcc028fa11d179
165,temi-afro-girl,4f9d99a4-78a2-4fdd-bc30-b027600fa88e,2525177363694fb4faa935cc24f8a9873db246661dfa80e72044b50fbc39af99
166,jonny-the-bravo,2b345988-b4b0-453b-ad39-efe1321bc8f1,a77d9543c98ac9ba5d403302c2beb6d81c8cab70194f63e8d177226aade65123
167,tunde-the-bigman,56db423e-8b09-453e-b5fc-61f4da9d7a6f,3ed2c5a8c06ec45d84230413deb0a3719897178a43ba1176687e33afa3653412
168,joe-the-plain,7a3083bd-5aa2-48b5-a30b-4445cc060f57,771b00effd82dbead0b0aa0c6a9618aa46ac34acb242cb546e6198fdd0b0b15f
169,wale-sharp-guy,44906ea0-901b-4b3d-802f-f73acc8758f6,b5b12a9439456a08395bf70bf26911f0aa311b7af9c449f1b187e63b62e89cf9
170,dele-the-snoozer,4f9d99a4-78a2-4fdd-bc30-b027600fa88e,cc1dbeadd090c53bb2ea93bff9891a00780089e3690fd1ecd3db76c184349972
171,father -of -tolu,a2651258-ca3f-4940-b095-3a61ff630263,41bcc55e9f5844d4d47fe79a4704f19012aa40fb2794a8376c16ed251df23db5
172,emeka-the-chief,de25fd63-dafd-4f77-8072-7ac0ae3a3ab2,43e2d0f5f674805844768be0593bda7dd118560d5224173ff0d1d52203f5caa8
173,lawal-the-drooler,806b640f-1c8b-4cc0-aa10-45f3ddc00140,fef6d8a6676d72b350c12a4af5df10c3fdf1d99669c9502f639b02f6776a1a68
174,solo-the-messenger,44906ea0-901b-4b3d-802f-f73acc8758f6,c72a7b036eb80db909b40e72f241b9ebe1bce652d81af277742e4b466420cdbf
175,femi-the-honorable,af53bf52-b517-4347-adc6-07cf30c19025,981ccb14b551797ab5f1d95ab792773075b0d4d2f15a0b4167934453fe15ddb2
176,friday-the-bigsboy,05ec3aae-7da8-4125-93fb-6fc544e5bc61,61bb6b5d7bf9d538a129cf31aab5a88ad20928c2de207b5c0e0fb24e5c118f5c
177,kweku-the-planter,af53bf52-b517-4347-adc6-07cf30c19025,7aec80b24f55d837ab597045405f32b539beda88a4981075d791227a2f59fcdd
178,2pac-the-remix,9993e5ec-2f31-485c-9c6d-f780c078ae56,c2e3fa7b08b095cb72d5c7e6dc3fa7a568fd7a61bd427dad90602727d4bab986
179,tope-the-influencer,3b3e1f66-922b-4f87-8cdb-0d09fc143182,8dbdf7829d073a2e2fc42aa53683f2f83e2a4eb8f472d8b5488dda857b1c3631
180,gabby-the-evangelist,ac721b71-cbc5-425c-851f-ee826973f0b9,83890515d7219fd69a698c7958ac58836f6608b2e4378d95b747cbf2624066f5
,,,
TEAM CRANKSHAFT,,,
181,beauty-of-town,7241a1be-59da-11ed-9b6a-0242ac120002,1736da37df5376efe26e90aacc301a8eb01b673db2733ae0670c89f82ddca69b
182,lola-babe,7241a664-59da-11ed-9b6a-0242ac120002,02ec7f9cc934a8826d3c9caf8c2be1b4db1b60748a1a27825ddeeeaee63dab71
183,cardy_h-sharp-babe,7241a7c2-59da-11ed-9b6a-0242ac120002,35c5501706d95e16fa4a739a3b0f3b6483f69cf4daced39794d2bc388f922da3
184,bella-the-baller,7241ad26-59da-11ed-9b6a-0242ac120002,f594bbe0a33b54a19b3219a8c0848e1287c0f2edbe7f11df2e42f0593805d006
185,milly-of-roses,7241af92-59da-11ed-9b6a-0242ac120002,94797efd0e48213dea2425d3920370a8bf8d40b97447e85083b0aa3ddbfe7683
186,Preciousjada-the-viper,7241b12c-59da-11ed-9b6a-0242ac120002,1fbb51f891fd2ae74928a09f8368541f9a2a79760f6e6e747531756f4b8692ca
187,lolly-of-NY,7241b2ee-59da-11ed-9b6a-0242ac120002,6d1fb3b0761bb54048b55eaf0dbd2213229fbbf211b7c0b65d6b781efaf82166
188,Disy-the-dancer,7241b4c4-59da-11ed-9b6a-0242ac120002,e5e7e533e030ed0c655ca3e0c6558e979c6fb779239bd5b8a769bfec54711a97
189,Jenny-the-great,7241b852-59da-11ed-9b6a-0242ac120002,0e5d0fb8e370a7fee06bfb0701d3105bb5f6ccc386ab5e423b14507dbd5a995d
190,lolly-the-pop,7241ba00-59da-11ed-9b6a-0242ac120002,1616c51dd042716dc2cbb9f7462952b56af0088db3c96b991050c35e2e330e0a
191,disy-the-queen,7241bda2-59da-11ed-9b6a-0242ac120002,b5f533e047e585267766e8e4e936404273f9abea81c3974dec706c06fd83f445
192,JennyP-of-Lagos,7241bf1e-59da-11ed-9b6a-0242ac120002,941a9843d5adfefc62cb304f38494a75faa3d9b57734942b45934b085fadf757
193,Jada-of-life,7241c202-59da-11ed-9b6a-0242ac120002,30f4379072793b2645fa477c9bd60ec68c2b1381792a40997b9e3b7f34f5fb35
194,Sandy-the-rapper,7241c342-59da-11ed-9b6a-0242ac120002,3117413d18e2e356793808519358806de506ccb94af6a64e4caa3f6eb8da0c3b
195,Dahila-the-genius,7241c4fa-59da-11ed-9b6a-0242ac120002,2588b6956447b77ea7fc9f4d318e7f4d89337e75c2bab4be88a6ec2e4ec1b7b2
196,Rosemary-of-Yaba,7241c61c-59da-11ed-9b6a-0242ac120002,a18233971d72c7d595e6111535404fb654365a470be38c1455314082a5ac21e8
197,Jennifer-of -island,7241ca18-59da-11ed-9b6a-0242ac120002,c7872f19ade76a24714b4da36c9b62a2a69157680d170170328fd1ce52efc074
198,Opeyemi-of-lekki,7241c8e2-59da-11ed-9b6a-0242ac120002,0cf483b3468b97343f2a8c3472fc535d63bc60f72d7b3f5cd363c91718fa21c8
199,Vicky-the-artist,7241cb3a-59da-11ed-9b6a-0242ac120002,2c987026cbb2fa839fbdea4e8951dc5fc5b1421aaba05124be0906c88b034372
200,Afrogirl-sailor,7241cc66-59da-11ed-9b6a-0242ac120002,15359c741b9637d2d58396ee8ba5ff920be19a30f03ae7359fa6b8a92faea7b1
,,,
TEAM GEAR,,,
201,Yemi-singer,,bfd8d45c5e98d51c422127d83ca12a5b46e0d4865e614598f32bd79a9af37e98
202,Joshua-the-runner,,6624dc72a9a3b538a58eb84277a1934d9475e72e6b509e1d3c92ef222e4ce171
203,Khalessi,,5a1925c833b039962c07d3a660d67a85493e6124c092bb1c9f6d105b1c6c8bcb
204,Khal-drogo,,7fc616ef64d371b0f3ce50cf13454e0c39b29420b50fd4734058bc4dde590b6f
205,,,
206,,,
207,,,
208,,,
209,,,
210,,,
211,,,
212,,,
213,,,
214,,,
215,,,
216,,,
217,,,
218,,,
219,,,
220,,,
,,,
TEAM TAPE,,,
221,hng-newbie,0ddbd22c-b3bb-4c72-9f51-0361480bbfa7,cd454d217751b13c078350cb3ccff113dd22c4aa0b072387fbdff7f55eda495e
222,nene-caroline,4ce5bcf3-d4ed-4277-8187-cb1797c1ac7e,585cf48f34c5b8acce3b0913e0f181c7f29265e53cfb487856176c8918fa2bad
223,wazo-partystopper,77237cce-bae0-4d60-adad-27055f0eed39,f3954cf7e9530d3118486e830bf9714d90d05f86ded5fde678697bc3ba9508eb
224,melanin-janet,a5a2854e-a850-4b15-b3c3-176a79b2d34b,e65b907c62d66a7c61dc58c0aab054b4c0aafa7f058df391cef5def8bdb399ec
225,leo-sugarmummy,7ec03993-f500-4a41-aa3c-a73df7a0fbed,8f1c33c5a4e005b2e3336de6230e3fbbdd47bb4e53224ea13ae8c90f8b277cc4
226,novice-joane,a5d49163-41b1-43fe-ad7f-0c78ef530b1a,aea1685de85eab644d5613d034f9f297ec01c3a3f98f9a2a6e59c6db760452c2
227,goofy-simbi,df7dc588-f99c-4592-84f6-08b40047d9d1,5a4ad087bb9b4a52d2bf4561746ed8ec7adb9143b3f8530726fd441907a4a5db
228,akwaaba-ghana,d1e8b38b-994b-487c-890b-9034d3ab7dcb,08a5afdd415e6dae83a26a2a3dc1b9e15b7c835f99ff1b9db66488a7949f8956
229,aunty-toyin,1326ef4b-224a-497e-9452-e63a4486e387,c2700ec14a3bc48c2dd0a2ee11358f6dd632d0729278529201ec434a007af1ed
230,pretty-hauwa,7c771f82-a512-403c-91b9-6736318a8796,2a42bf781c5b5e6f323663854ae114a13d69d0745f05feba2568a964345cdda8
231,chimamanda-enugu,eaad5c98-3f85-4480-9c4e-b73340cfba4f,03fc926b66b6827fab48d17f1be082386f729cbfde8811b6ab1e6a8d068078d5
232,kente-solape,613ce65c-4b16-43f8-a0d9-b5ea8c5f2195,0cdad71f008d9cf3b34ffdfe146584a78ffe2598871a6d190d1d802568201f62
233,vamp-karishika,c4ee8a54-0874-4a7f-8344-dea8ba41f5dc,7f65c102e5a6736250b2ee921458819b1de4624e4de68d9077ae53804c514746
234,genz-monique,b5328f13-b918-4e76-8d4c-8b4aec5eb5fe,d3b3730a035ca440cc0f9d876023357f2febdf066e5a4558109bc0c16ba22f63
235,femi-boltz,03e8d36d-5bdc-4da4-8f64-c1738eb9d1db,0698b6b323b0472ff9416a019f92d86229b2869ca718c5f9b8c7fdd074872f96
236,agba-tech,403f28a0-6aa7-4f80-997f-b0982c169baa,d777a407e1f803509de0c967d44f12aab86f7c1c82e698213f2d8f39a0d2c39d
237,brian-richkid,9d945d79-dd2d-4755-b9c7-bff837be8557,82fc99b8e692af22ac7c4f2c4cac6cb5b57ce5743741218c5d9bbce3eb62aef5
238,nandi-zulu,09702bc0-d10c-48d3-a1e9-2aaa4e9f3f39,422b0d7bb5205a4e7a70dd244be47714c5995425636aaec0a2e31b8275b4124a
239,ade-demon,0be2d50b-3e57-4e39-a199-b211d2be860c,b5d116d27f0c904a794cb9bdaad3f979f0b5bb4677a114833b60b4e32b816167
240,karim-rapper,169b58f8-b84a-4ab3-a4b6-d1c5b36aa1d3,5464d68809174acb36ff32aaed5a78c348f780863f48cfe6e8826edb324218d7
,,,
TEAM AXLE,,,
241,bobo-alinco,ede853c4-5abd-11ed-9b6a-0242ac120002,ea27d45938a72a0cf98c0082a77868c7976919c69f901134bcaf3be57ff732c9
242,chi-lastborn,ede85964-5abd-11ed-9b6a-0242ac120002,77e795a72f7dc11bf12d7835c0e9d53976efbbeb4fd3230333b964579fa84eef
243,uju-robo-robo,ede85f90-5abd-11ed-9b6a-0242ac120002,e7feb4d943d5824682f92c06aadf5e1046a916d60189db8b2393724c794ecaa8
244,yetunde-anifowose,ede861b6-5abd-11ed-9b6a-0242ac120002,f0771015b40e1f8a1f1f5952edaf5683b71658fbb278b28dcab1407d612f98ab
245,dumebi-jjc,ede865da-5abd-11ed-9b6a-0242ac120002,cbf3567f20f22b57b2fcaf65ed4a35264ef1dd36e732e9002b208123751b79fc
246,ukwu-nengi,ede86800-5abd-11ed-9b6a-0242ac120002,fd7f8a63c008050c6b3719225cd0daa14283ac14e7bfd6f8e915efeaa326ffc0
247,nonso-malay,ede86a12-5abd-11ed-9b6a-0242ac120002,931f5c8ac5805a68cbe97bb83a79c33f91970124e4a73e5780a9a4edf47d0184
248,saro-texaco,ede86c2e-5abd-11ed-9b6a-0242ac120002,070d9d7c20289fbc659e62fa8fcecbb8e64de63d104e552427ef1eb4ea934188
249,akpos-agbero,ede86e22-5abd-11ed-9b6a-0242ac120002,659f3b6abaa18b64accc2b5be64ed07aa4b7df5e48a8f1254ec14f65ac37ffd1
250,kasali-danfo,ede86fbc-5abd-11ed-9b6a-0242ac120002,1c92df789b115103c00a44bb5a7822f565544741d239a15b2b05ad9f0105e99c
251,osaz-benz,ede87fca-5abd-11ed-9b6a-0242ac120002,4c010a7fec8e1de2db9b62c7329acfed4dfcc967fdb66a2b3963414639bbc920
252,kareem-kasanova,ede8820e-5abd-11ed-9b6a-0242ac120002,99e907530bc1912ac4a67c5904440b38950538d721a92d349a6f02be15cf45a6
253,mayor-of-uyo,ede883c6-5abd-11ed-9b6a-0242ac120002,d2391af8605da0224634745b2ded83ad9214a4be077a2f251f56f91e82e9d859
254,chinedu-china,ede885f6-5abd-11ed-9b6a-0242ac120002,b85b4294efd1a1f1c1fa9cac1789a53b42fafc6a836dfd76e139365d2d7b4efe
255,papa-ekene,ede88808-5abd-11ed-9b6a-0242ac120002,1e870ff5a114755d13d3c12d1d2d54f9b27e94566c058b88e64fde85a01ec378
256,ogbeni-rauf,ede889fc-5abd-11ed-9b6a-0242ac120002,53ac65162a1703ece665d1d18b7e22fa04b25e7ab0a687725e953dd22fd2e451
257,koffi-banku,ede88c2c-5abd-11ed-9b6a-0242ac120002,545e3d04954c13c646c88947ef300661e44f246ae5849dd2a19abb2113ac8acb
258,alhaji-bello,ede88efc-5abd-11ed-9b6a-0242ac120002,2dce07590dccaad14752b4414d6683401585467993ebf34b31e4132f0268dc09
259,toju-mafejopami,ede895d2-5abd-11ed-9b6a-0242ac120002,193f7d44e214d050d2536a1aafa99ccd0c81d0f4aa76d282f58359ce929efd3a
260,femi-maserati,ede89802-5abd-11ed-9b6a-0242ac120002,f2e59cdbbad1889fe448b6ebad07bb840289ec9e4bc0dd5a22fd5775f5fa433f
,,,
TEAM POWERDRILL,,,
261,Paul-the-comedian,f8112915-64ca-41e5-9ca4-5b60c47d7a01,5c61394c8479eff9c0ecb04aea28618e91992424ed760265d31a15077b2fec11
262,Amina-lagos-housewife,5612f542-d85e-4a2c-8661-20553dfd07bf,1e47fc88253f644a1d97a03e8cfb9d6e44502b8c72c53c8f9568a519e215f3bb
263,Kiekie-the-asoebibella,097014d5-0ef3-46f5-9a9b-5c01f70114b3,39ff9e0555de3b29cd08dec058043a626d7cca1d166330823e3c0ed2058146a2
264,Kunle-the-hunter,b0310fc2-4bed-48e5-abfc-566c964786d7,ce09004a21602458eadc79f40f95d19767d2a37965641deb3ef62261c148164f
265,Amara-the-hairstylist,412345b9-7e04-4102-af7c-5458721ac64d,f7107d0bed58a070cb4bc109f51f24f2d149ff9cba07f6985c296b26f288f399
266,Mary-nail-technician,17ea9c3b-c90f-4023-84d6-d563c098b030,d8c53c4f608788d70200004b963f3e88d14e83311354b8d589628a49b713b012
267,Odogwu-oil-contractor,b503bbfb-f972-4d4a-9352-e9dfe6671d36,e362476dfebb14079c22aacd2502682a27da996c0e1d5526b7a0096dd1ebee70
268,Simisola-the-kenteprincess,45843017-b421-4413-8e35-7a6ef073f2b9,5000fc32cb79d4afbfdfb5d3adc0f43fffe88f49bf964d1223d16030d234b917
269,Mariam-beauty-queen,b7d96d97-84c2-485f-b60e-e4e86c4d3b34,5fa861bf8c9d0e9f8296ca0a2ad0de3ce3034ed29f893423aca1acac82190898
270,Obinna-the-musician,afdb0299-327c-46b2-9262-faf90f0fcd12,184c51fafc9e619f58ab04c06dbe21f86d5e14ead09fe4d691d1388797809157
271,Sandra-the-shybaby,bfed40a8-74f7-4ada-ae18-975130247efa,dd9f5d1d878332cfef6775dca83a530de8029c53ac6af77398e0065965299962
272,Chiamaka-the-dancer,43c49497-8d7b-42ef-bb29-769f6c3b0ada,b4eb7441796bcd6532d5476b0a6ed68d31b2476547697bbef388e1577b5a1fdf
273,Mensah-fashion-icon,87ada09b-38ac-475c-8d46-18680c2dc795,ecc46b4896dfb8d13a39394111c723ba4ff2c64ca41620ee8d373f0f9c4fe136
274,Lucy-the-fumigator,c7269d44-aab3-41e7-a54f-18a14f575a6b,2b9047ffff2291b861d5bc41a66e31ad924b952057f0d61f7bd89a1219fdca1e
275,Nneka-wedding-planner,31ac6b7a-e378-4dc3-999d-b9e8d8473f99,210cec1b6ebdc98f5a8a99265a3f922b81b6e4a8b2316f269fb49a4b701945c0
276,Shakira-the-gangster,dbdc1351-aa07-46e2-935f-2db071b1b23d,11e6c26bca53ad413452852f16d42d245d6cffbcb77956c8226d047d99fc2aa2
277,Lola-afropopping-princess,2f5cadae-e423-4478-8220-37b3ac144169,164c42119e8db4f01b7afa3d23634354cbb7041710beea5cdd3784cb7c16d44a
278,Sharon-walking-dead,1fc37341-7dd1-480c-a01b-a63bee0a2230,1831359ecbfbb4f56f659cd74f1e98deb2a1d187439b6e61a7038edb5de1d676
279,Olivia-great-teacher,cfc4419e-bd46-40f6-9654-632ac1138ff1,cb5b599688c82bfa87b677bb95b025b4aab03ae87f3f333f4655f263b370e585
280,Nicole-sleep-warrior,710ae821-4603-4124-bd60-a33b515b3b8d,826a661596fe4f2bcee981c835dd0bb9f6816c618c3941b41a9165b048d74acd
,,,
TEAM HYDRAULICS,,,
281,Busola-the-shakara,ec4a855a-5ceb-4f1b-bbd7-a995aa45e875,34fbb72d2c9c03c56dfc654e28eab3b6bfb9b619f32a5706cec4a9e22465c8c2
282,Bella-the-artist,48772412-dacb-4984-9e82-8d24fe101265,5ff14539afad3db3056385c6fe832fc8d1b8d97829958622753ec6bbbd1d8049
283,Queen-the-extrovert,1712532a-20d9-4ccb-8582-bffd76c9fb67,3061de8231f284f28e32c688876fc7d3052fdb32e4a147ccfa52797a7ec3d1bf
284,Mary-toxic-lady,bc31af8d-c45d-4797-adfc-596fb22e4e3a,388832d1a470b9d827b63ea859a43b5fb30033e674d8e4c8988b87cd7355ab2e
285,Elizabeth-the-richkid,21fad782-1b6f-4c2d-b157-9fdb9355c876,3faaa426827554db16b681ee8ddc72380147edb1a70eaf5125699b770c8b925a
286,Larry-the-westerner,d4984fa6-dabf-409f-839f-76742ec71500,8fb01dd1edf1b5091843573e58f0e7a176dd00f2eb3dc76b916e68f58d748387
287,Danjuma-the-shocked,0187ca7f-f3b1-42ae-9e17-c46d58617608,50a19f9277076cdf1e5af95b30eab632be8d7a435d80fd0668c2d15fe84f029f
288,Yomi-the-fashionista,16d256ba-dc4e-4559-ae41-59779f351ad3,d92d91771e876df35d8fdeece2e52a88ad62a36864b2a631fa9975123f3ea719
289,Ibu-the-importer,d3edc876-3f2f-4699-a376-0787bb06c5d5,e73e61bcda7d8d0ae0327675fa328da5642b5d101496e4302b0f03f340b25313
290,Massa-the-ghanian,9a9a5fbd-7a3c-469c-95f2-50303c2e9fc8,cab144bc5377879ace9403d8260ad29d324dca7cbcd856053f5308b815ae3e16
291,James-the-musician,0d4ad447-3836-47cd-8387-066b200cda01,2764a0162f1cf92ae57f40836ed37cd6a578e27f9bf9b201d32222768ddf1684
292,Gbenga-titled-man,dc6c1a39-ec78-44ca-8296-68c6de7b5de4,fc34a9fc13c3533bd73eaf057753d11659a6342e28bea6c0c04eca476d8a03cb
293,Abaga-the-rapper,c428411c-5a06-4b74-bd17-e53b76f9fc6c,1af8ade568142d499f19a0e55de2469eae7cbe5733268767726c464a401da7d2
294,Izuchukwu-the-fisherman,15e1caf2-06b3-45d8-9b35-f95965b64e34,f0854221af341ff4ae0888ed95f59955feaf48af7eb8f1a364987ee392c84186
295,Mark-the-philanthropist,b48cbd98-96c2-4ec4-9d17-2c798be5b90f,a8723270e8338fc365f73fc692ef43686429a050da1a0e4bf0f75b1970ce9e7f
296,Desmond-the-politician,c52d4fbb-622b-4e2b-85a9-1a1d0f3d97d6,e286acb7dd1cfd0915590fe07f0d2856d937b71f644d78594d6c77832e98e6d0
297,Okoro-the-bachelor,e441439d-49a3-41eb-bf9d-3c7f98c268bf,206c222126660f6ec5cefa4a82f97a00826ff1e2a3ec6f87ba036047a3b5f0e9
298,Saro-the-clothemaker,7e10af4e-1252-4f96-83a8-78411e152bae,9c50eb1afca97f7c4b5b1cb5e4079a31a192f60aed0b9c3df436e2ded0b604be
299,Kalu-the-ichie,482ab247-73a4-4ff8-9172-732f3d0729b8,a9da687cddc0991737a22284c0d2ca2fa6a19f687ed112f861b3be49f5274728
300,Tamuno-the-prince,108447d1-f2d5-4816-8ebb-599286c3fabf,8a0659750c263fa911765dbea397832494f27f11a97bed6611f4e6d0efd7189d
,,,
TEAM SCALE,,,
301,wendy-the -banker,587645e2-5ace-11ed-9b6a-0242ac120002,14c8edfb4cc1c8b94af3fa6f7bab0c99b5cc34cf564071c016e4cd787d30adff
302,uduak-the -dark horse,58764862-5ace-11ed-9b6a-0242ac120002,727903690f32388a8d9dea0789ae0300e9a841f9646808278cca13d51c49e912
303,timeyin-the -eccentic,58764a2e-5ace-11ed-9b6a-0242ac120002,13264a7fdf79cfdf2ffdb0db1d5ab5e8e7f211ab2a6e3a4bc226273f580388c7
304,omawunmi-the -businesswoman,58764b78-5ace-11ed-9b6a-0242ac120002,0fb46812b784837446ca84c641fd1c45dcd395b9935f4bc9c34dcd400c3035fa
305,halima-the-housewife,58764d8a-5ace-11ed-9b6a-0242ac120002,039adfc077afb93a0f6b2967b03a54d950dd60b044e0b4c5807f27590313db03
306,muna-the -block sister,58764ea2-5ace-11ed-9b6a-0242ac120002,7bd1d94d9e8bd5edb10f870b178e144869beafed1e1d13b343c3c1f6313eb8aa
307,stella-the -gossip,58764fd8-5ace-11ed-9b6a-0242ac120002,6902425776abeb7fc38fa441fa808a3cae6c1c8026448b6b3e000e70e6db676f
308,agbani-the-wannabe,5876542e-5ace-11ed-9b6a-0242ac120002,4cc15678894fe1ec2ec157ae9c720ed345b5aeb5e11bcfe07ee38a1ebf1092ae
309,asante-the -warrior,58765578-5ace-11ed-9b6a-0242ac120002,256301b6e2cd63d64e4f7aa397d189246c78c39ce292b33f4816687434d39ac0
310,hilda-the -insomaniac,5876569a-5ace-11ed-9b6a-0242ac120002,ad6f19556a82d1af1a9a8afd01cd4a3ca8e1afffcd8d11fa4a53773d494a0e25
311,sisi yemi-the -street aunty,587657a8-5ace-11ed-9b6a-0242ac120002,5ce4805823de8aa64188b5fc1471acfbc95ac817d15de4c8fa4ccbaee7bab8fd
312,chiamaka-the -bully,587658ca-5ace-11ed-9b6a-0242ac120002,d5d90e48a1a84e6e76a0b69cbbccf8d1b0c7fbb44860621651998f0f83ee4280
313,gift-the-fashionista,58765adc-5ace-11ed-9b6a-0242ac120002,cd4326acaa7ce7fdc5292ad0896cf8569202452bbd17e015de3c306bcc4dfa7e
314,omoyene-the-weirdo,58765bea-5ace-11ed-9b6a-0242ac120002,4e34df2f5d3b03d22e2dea026c94548e81afe5f8a2cc5244063e8baa91b5a4bb
315,maria-the -freshface,58765d02-5ace-11ed-9b6a-0242ac120002,1baaa6e0f1f1d9033abefdf0751997934a20b9a0d5726162c359837ff3cae186
316,monica-the -smoker,58765e24-5ace-11ed-9b6a-0242ac120002,039670d999ad6fe17f3be9e26b00b5c9f4cc7cd2c276d057581faaeaa6626bfd
317,,,
318,,,
319,,,
320,,,
,,,
TEAM SANDPAPER,,,
321,Omunyinyi-the-stoic,c2d6a3ac-1d4d-4268-ba7f-4f0f8f50c1ab,527860247e93da9e2ff2715c51ec0a6217e8a58f4297ee1202aace8245a9b371
322,Kamau-the-sleeper,20330f5c-40c2-4f6a-b9d8-d1d04fb97daf,acb6710a7b6a69b670855a0dded2ff83184496c034cd56857e417308ca79c6ce
323,Mutiso-the-lastborn,0706c338-42eb-4d26-84ea-c24b39628200,afb12d6feb612275882c9229b97eb9516f85832d8f3a24546d9eb3a260328253
324,Omondi-the-vegeterian,bfb5e8d5-d7a7-4aa8-85e8-d7d9afd4adb3,1898786a382785b3a2bda105f0c4198b101023ff8c698ec55ea45de6d6293a0a
325,Barasa-the-optimist,2da4bef4-38cc-4414-99ad-7361fac04b2b,5dc8fa5ba088236a5001080aa6b18befbc08c8f5997a6ce30effef86b413e928
326,Mwembu-the-elder,36181230-6ac9-417f-af5c-23bdd2c25ecb,8115150cc8e777384caa86c5a7646c9e13c855e943038136a06dd1e393ccc09f
327,Mbogi-the-fighter,3a7bc3c4-1463-42ce-84c9-07337da64435,796ebfde919b30f71c4a73b3d0ce2ec515503e31aed3444dee5e9b1d48bd5800
328,Mrosho-the-runner,b2ca2c76-3b6d-43f1-8cc9-089b6ab83876,3b9b1d15fe8ffda9a5bb253337120a84767c4ed93e10caff941e36756b1b60ff
329,Milele-the-african,644b0259-d75c-456d-934c-ce7c052bad3a,1adb2d34f2363e2b4ab271eafe86ed66f64357b119904d4a9a3488ef4b5658ef
330,Olebon-the-oloibon,de261efe-731d-461e-b2e4-42edd2f48f72,c0fad5deea58d5e248649d8e9f9490625a8cab1603d90fc57069db30a1d43d2a
331,Chifu-the-maasai,239933c4-7177-4b5b-86e8-e6f952301344,7c2b8336506bebd194bcdc69181828c25f3f8f42014707dcf441f998bf919b21
332,Mwangaa-the-voice,49179b62-812d-4d0f-b518-4af7fa79f8bc,8055d3f16a3d49df587a2c4ec376744fa6b049d58eec64e4d0c8d6a50267178e
333,Waforte-the-first,871912a8-d96e-4594-b7b3-450d94ee6924,ecff9163775b5c2792757a5ec88bc5b3b5efb74f07b091b5d679fdedc43cf1bc
334,Kariuki-the-prayerful-one,6a5b6fa6-0f91-4b01-957f-c766945eb704,468736d990569d2f2c58107c1474a327b2b2d74920fbe2a6643a4da4242dff37
335,Kenyanese-the-priest,0706c338-42eb-4d26-84ea-c24b39628200,4a4200dbca41049a99edc89df12f23f3897b87321f56895875c6466d30ea566b
336,Nyimbo-the-singer,d05af807-b3e9-4ad3-8df1-b7864d2daa33,ea297b0e1339ab13bb3f744b6519810d63e2769958e4434af01d6ca6beb6e524
337,maathai-the-nobel-winner,0871cb8c-8d56-445d-92c7-01793f327707,a28527f8375013b54383e1ec532f8be3ae7080d9f3dcb983d8ed0701f8148b39
338,Tish-the-angry-one,750a89dc-44ff-43bf-8211-b7776f1b5e52,179a7f92c43159b79bdd40256cf79d5c6f9ced2acbbf612009a04d692bc46b12
339,Wamenza-the-winner,7348c9ed-4ac9-4785-9434-0a1f0dcaf8d8,17bdf9ac76f08647ffcff2afa527e0896828974ac9ff396469f15113d400ea55
340,Isaya-the-track-king,41781a16-d2b8-4fc6-a1f4-b9fffc5c95ba,2f6ae999c99c3fa84dbb8bccdbfe8a8538104583e58d642bc4292c7766beb65b
,,,
TEAM RULER,,,
341,mansur-the-partyrider,78db0f29-3936-4d9c-bb90-3dbf20dba2dd,14f6cee666485833d11c3ef2553687a6313ac4a520c14a8bde09e8cd8d494a1b
342,tola-the-businessman,1c5d5a6b-cf04-4bf9-978e-22a7e9bc5819,840fb0938f58e2387b8ace8929826a3c228e3dc0736eb38fb1360fb424a8dd88
343,abdullahi-the-honorable,dd708276-445f-4483-8357-fc08e999328f,3e123ce93fb6b6ccac2cef8467d58714d0cc1b40354165d4dff9f7d5974e440d
344,ojukwu-the-badguy,76c1eabf-15ea-446a-8426-472982c4d800,ddc8ed69065895350f94e524d6c9c4ce659b69e3dc70fb405e8905beb607a8ae
345,odunsi-the-egbonadugbo,2912ab8b-5875-4277-a5c2-a0209aee90ae,0a06feab2db7e2c30336781d3c4f1beb8133ab5f7097000c988bc7142e3d25a7
346,ogogo-the-sugardaddy,aa575f30-04ad-45f9-a798-199465117793,9385b16122b0091ed193d8f2eec989a4ea5f5034525729c36293ad5e13c588e3
347,suli-the-amalaseller,46fd4821-04dd-4f65-9290-c130a00c4c93,61a1ce8e3752ba5dc03569070f200d53f425713308c15720e81e6fa889941ec6
348,dolapo-the-afrocentric,cbab232b-5c62-4df8-867b-018a2e496cd4,3f9654768e2a31cb8ea66ee09ec93021d2bb29995c3b473f36b0a749da13d409
349,danjuma-the-saddist,5a42af57-186e-425b-b6b1-f72bda4911ef,dfad58edee4416dc55b94b2acfc72650dca24701d2a1dbd72e9ded2145ce670c
350,chinedu-the-farmer,9e8a55d7-0d8d-465d-a628-08ddd387a2c6,f77470ee60ee6289a795b2e2bcbd41d985363e689a2ded5d06100cb5a7589930
351,kola-the-baldguy,c32f1757-da9c-49e8-bd79-510a42b6971a,0a02890197508a0c6d709a77662f958faf5cd800f1b749c84967b86c3e754695
352,bola-the-bosslady,09ff910d-a2be-49d5-8b27-b9378458701c,e4203994e3d8fc94eab76e85818f39fb93f6587f650066c0aac341fb4113ca88
353,kunle-the-alienguy,dea2f5d8-e3ba-4d3f-9a17-0a7edfd0c100,a379582b8aef3a57efd9e42680b6ef96bc495bfba7d526f26c67ec0dcb54ccfc
354,segun-the-sharp,f9159a9c-f48d-4aee-bcc1-63c86209f806,0de7954a4334785b5a23dd8599a78aaec482693afd599bddcd983a7eca33480e
355,ola-the-hardguy,a814fc77-bdfa-4e50-8ba8-3e4e4bcfb3c0,33c0de8ed5b7ee643ae25f902c1dd2938e88f9a2d3dc9f051aedb17a3035ef0b
356,emeka-the-chief,195e89c8-0b6f-43ad-9a2c-d20f03439e96,5a23c513c2726c682d5bfaed82ec63e4e324508e40ac919c2caa6cd1f97490b1
357,ugochukwu-the-celeb,74775cda-cff4-4d21-8819-693127598eca,a6c7f0cf3dacb3fda80396067d86fc164519ead8d31962de22638fe02b21aa3d
358,adekunle-the-yorubademon,5c98c2d8-3144-4e08-8a0f-9b8d7e4f5aa7,d559fd93e8757907936bfa603f9825dea4efde38df3aadcbed9f5f7cc6103170
359,favour-the-fashionista,19fc15c3-80fe-4d45-a2fe-be8f087d57c4,f1241a9994fd9345090225ae929c787737cf4edb869138a3e550f664c7a9e999
360,jane-the-slayqueen,74775cda-cff4-4d21-8819-693127598eca,41dc06aca0ab9e81fdcde30e7476ae8ab26463378e488a9cf6bb8d7a8648edb5
,,,
TEAM VBELT,,,
361,osas-the-ceo,b10f7e42-4778-49db-820b-dabbad75504a,69992de4dbc7b22d8e403a6627a0730d63a76684914da84aef0bb73be4e1e0a6
362,nneka-the-rainbow babe,e7e20ab8-03e0-4e0a-80aa-6e193f84426e,264a1b603afe4e49b43692da651c8c8febe7d5a841713ef70435b29ed4fceb91
363,temitope-the-spoilt girl,10cbcbcb-754e-4175-b85d-d0c7eafa16a2,9a0fb0f7bf2f30c4142180e56e4757a0231d4d517901d5f1be2b703f9092af2a
364,bekeh-the-party animal,f0558235-3043-46e5-b26c-5bde83cc67fb,4fd1029367999ba94e8f43779467b7ee5b1eea7df05b19bd9b6537685bfa540e
365,nana-the-tech lady,e0858913-7050-4c4a-a2a0-442a88463334,3bb2756e8426e8700e81bbf6b2b80c49ae7f6b518913586e6d2e0c03e0de799f
366,rofiat-the-marketer,1e4d9bda-f6f9-4e7a-9381-bee4b074b56d,9a89b544dd1a0fc9ba7bf0a941f40fe5a50575e73ece46aed5c29a4a7e43a779
367,zarifa-the-righteous,c6955d16-c343-46bc-9bed-c069ea8cc65a,f29a342ae3f0c830e7a555495014b2dfde4c791b3cffe97c032c362724a0c59a
368,modinat-the-troublesome,49eb44e8-1117-463b-b7b3-1bcea4258362,97e7183e394e2df73b8288ce386134b9382f76829d17a2406068f457674400b4
369,amaka-our-mummy-g.o,853edc40-0f9d-40c5-ba78-46067dfd7f68,d422bba0b1a7d5ba4d0527a97bc41c798337a67fbe0b6c1aaf9b027b11cf34f6
370,mawusi-the-patient,ca9ddc30-141a-493d-851b-71d34f599641,5f1c8ad72af860a5eeec444b82c93d4891fcc16370b0219ec228cfce94091dec
371,nesta-the-difficult,fc3b7ca7-efdb-45b2-b7c9-e69107484a43,601fae640a66669ff1de8536bb6c15d1670214084b1a208817c840c9f3fb80fc
372,adaora-the-choir mistress,df944505-da1a-424e-88aa-b9d365bd2775,d1470c41144f17d7a8e1eb105bb791b98441b294d7a0c53df7e7e607b38b232b
373,busayo-the-husband snatcher,73c8d935-4a71-41d2-a1de-066ae8d548e6,45df44af7afc7e70b2dc1ee5da684d79603851a1b143b98b16a38d41fd9e6d88
374,wangari-the-waitress,4bd7a15b-cc66-4e2d-8fdb-d550f2dd645c,0dad8c128ea25e3ea0ed7dd5e0ee1615e786d7b3b436fa433d30cf808949ae28
375,charlene-the-shy lady,36539b84-ada0-43cb-92d4-30596e07a39a,23ee5acbe218ab528de24fbff7630ffed0d7e67ede5b780560cf067938c5c347
376,addae-the-unretired,ced7b53c-73de-4fc7-a652-2b17ebfe68c9,245986f54adcce75ce2dbc8e6db24b585f5d94203593b0f5873c9e6a3ef7a93e
377,abena-the-slay queen,1e4728e1-3e45-4972-9755-4a38e784ff91,56852a6cc7b825dea6e4b52c531012e83a4e09d366257edbaae9ae883fdd29fc
378,gasira-the-violence mama,ea72337f-658f-4198-9ad6-39bc6212c20d,568175e1d66844093b5978e8e34450cb17d656c8540bc65d4b3cf1f1b499b235
379,salamatou-the-exchange student,0e216fd1-d96a-4e3c-a59b-c807f772c5b3,beb4663e7dfe7eeba13712d8b06e6f2b694ad6762b7bbde8e8ddbc399195f48e
380,nguyen-the-foreigner,0381301b-b5a3-42c1-9f73-2c43c0b8493f,13294c659d25337ef9d60b616e5a86a92d84add0eca5697825c41916a788b76b
,,,
TEAM AXE,,,
381,Olofi,26340cc4-e334-494e-a737-f2b4bb9bb22e,d908fb012197ff69ae305768ad84dfe6102e73843b3cd5b003661901658401b2
382,Amadioha,a0586a93-7aff-43cc-8282-d081b8d6fe90,f7fc7f8219f658be4c1ba1421001e36f1a99883b6bfd8d7d388aae38f40dbb7b
383,Sango,15e1775c-74fe-4a0b-b79c-49f6b730fa89,eb051dda8dd8df3fe76b7eb037a36af69ace58163d7c1075629f470f39c07c04
384,Agwu,311a6713-66c9-43ce-82d8-e3ce03a87a81,93b390e0f8534e85bb4ed0825fa1f605ca075c7140ad8d9717ad06445a4ec3f2
385,Tano,9c34a73f-33ee-4577-aba8-0982c1656ba7,5e84e5b3d64a467be8b385f24f441a674e6db6e7f1362085fe30838d39611f77
386,Anansi,784f0f6b-4273-4a31-88d7-2455b96c9011,610b8e334787a9f3cc37f4c645dd0e2285d72ed0b7ac3c52aec3145bce74ed2c
387,Nyame,f3af0bbd-0724-4696-89ff-ed67f63e6b4f,623817c1c455042d8aa848b262948b727c9fc493d307212d1151e16d7ae32269
388,Obatala,c447c120-830e-4543-9cb3-5917ba36bce8,315aa431b74c31757a4bfd103a3ae8242e51e42dbf432fd7b499d039d1d4aac1
389,Erinle,dacbbb38-087d-4248-8085-13b619da0ef9,7582f1aee7d51ccbb8332ab6106cd340c2c994ed1b1dac90c9d41070c925d33d
390,Ogun,94c607b3-791e-40df-bd93-50926f094143,f1460af89bec82124ad8368702f56455c2d416faf954b64e710d80522b03b945
391,Abosom,b3427836-627b-41e4-a2d0-c29473448343,8e008e2f2ecef70335707b6685b356ca3b84ef893fa47c5f08a5bdada1b7a37a
392,Oya,22aaebe4-4659-44de-ab3d-c4dae11fe9f5,d7eda40a288cd34580008a0f3dfa2f2966fcd216abde17fc2f1aa83f61b402a6
393,Agbala,ca720bf9-5e47-4421-b38f-bc62162ae99e,c105616f9836b34cdb4d27579263253da21808e96e533cc04153394f3163930c
394,Njoku-ji,3b795bad-91b4-4d0e-8ed8-bccbb226fc55,5627a6472f106977d39a1a52b3498918987b7ce2090a1c1445586aedb7b67663
395,Akonadi,2aebd094-3be5-4773-a7a0-361f6332a7d4,ed7ebede609fcfe52f5b2148686b505f27eeb0b96ae9ef222f181c35cbb8ea7b
396,Onyame,fb148f97-d309-45a4-b902-4e066ca13f96,25b9835507708f8371338d880c0f920eb6928e3a9ffa192b4fe0a1300e90c469
397,Ibeji,7b210c03-5446-462d-980e-c73dbbc1e386,6f9da73df34a2bf6e5afdc1d8a885920b44bc806ef1531683894141d75a62f79
398,Asase-ya,80b51092-3fbc-4d0c-8518-fc461ccb6c80,1af22510b6b8f93b7133e4f34110395ca989ca180d4964b6784012be0bc1e2ed
399,Yemoja,1693b44d-96cf-4c2d-89be-9f4219c28447,b2e84aecd1f27dedde754e8d6b3505e9aa36597c1b3180eec519873a5ebac16d
400,Yemaya,9609d0f4-d9d3-4cff-aa06-a9c459fefa39,d1856386789d2f71b9b0f0595b2523d6d9153b872dd4cf684260b63852cbdb0e
,,,
TEAM BOOT,,,
401,smirky-becky,87bcc41f-eb3e-4ba2-9645-223c949a9b50,ea6e577be0a1ca3048f37f4c52c9f00a403284bd04af597884ffdb44d1681e42
402,ankara-scarlett,66d0149f-5f2a-4ded-8e6b-9bd7d7631c39,d19364a716c5d71994b886762f9c8d30597d44e9807c8e7d0a61e16302ccb6c6
403,sea-rastafaria,d1556c97-9075-49fc-8bde-1826bfc2dbe1,7eed066e9fc3ef45709e41194843edecc25296afb604ec10562fcc78cb94e8cf
404,pretty-betty,6a4f5b7c-914d-42c5-8e5f-d1c34ca48886,a87a31a4a4c33a524434279f6cba21179fb734705f9dd734f10658dbfc894a76
405,lola-medusa,32ec57f7-8272-4671-ad2d-db3dff99fe9f,0d282cef570fd5ce8d53247375206d993d493d8c84f949e9e1d3de122dcc0e12
406,bukola-nosend,59d19b13-09e2-412e-a669-df020e03ae10,98f6484ec794212b309bac9e6bf7369473c6ff8984b8a793f97d0292a936bedb
407,burna-morgan,d08af477-de20-4780-8449-46b87840b9fa,fb45c0588863aef15a81350917030197c2015acb9c9f120ade0c9e5533dd3e79
408,afro-star,40743b16-ae12-4b4a-989c-e5fbf1e2e0ca,244473b5d5c8dcd4fa6fe33f0fa5a35bde61b7bf8a2150282b707754efe180db
409,fiesty-sandra,d875aa6c-3e4a-4450-b09c-e9f1cdcc3947,d4bba2d4d5de8056cab5f60775289e90820ca78f57d96ae593468397ace8f3f0
410,sister-nkechi-sabi,a728a380-1d33-4080-841d-80b041474d8f,a41e2ea73f26e1b2d7269810261f76e3f3781a9e059f9c4b7a646df47d0116db
411,unfriendly-gina,dd30a327-8a74-40a5-8207-19a790508ccc,d7f0b2948b751b150ccc03107d32e0bf0e338f914a2e902fdda8156c1bfeea5d
412,dada-ganster,e1a43f65-aad2-4385-ac5e-bc159c6e0f2a,b4103bf1c1188f66cdd513d14cb1613b0fb3c03c323fb2fa3a969c6394cc1481
413,idoncare-linda,ed04b47c-ae98-4db2-b71b-04d7bb976d45,0c3586975152adcf5bcc7ef512c94e3e84295bc0ad906da5dd946ea7c4e038da
414,doubting-vivian,a0282797-44ef-4bfb-a701-e4ed5e727d63,bfb9a0e626af8f81d6416e70aef8ef932318398e523f8665fecca8db7857bcd9
415,simbi-side-eyed,1f99104c-e98b-4c9a-9891-00a481e86008,d2dd350d67aca02d7001c8400e4afc52af6f2e178a6b569bc3e0409502a7869b
416,bambi-tekno,95ff5e2c-1ff2-4d58-890b-de0f39f9d8ce,f1d31d16a5c5e2755e8feccba70fbc5232be59b0f2206bebdfe6aff99a871acd
417,saka-portable,bd98f74f-e42e-494e-8298-3183555ca666,4401e789fcbca0c224afe655a1b36f7ad1cb25819b7276e3715217854d293cf7
418,king-of-boys,a650e79c-f964-4eb1-aa89-f9c1dbdede76,550effa1cdf7dee28b1d0515fc4ec799ac71f363ee22fdea414012609d592037
419,funky-alte-pop,b6753a8b-6127-4e97-812b-99e465791ba3,4e9ea717f8bcd285e961473c4dde09ceba0e0f676d5afa171fd4fe3b2bc6ace0
420,madame-ngozi,7ecdbb1d-9a89-4136-b240-499051836979,f0382e1e77863797017c8c88cfdb6cc205d19e5a2ec0d1da6bd4263b1a73eafd
